title,link,description,bloggername,bloggerlink,postdate
광화문역 신상 카페 ‘센터커피’ 다녀온 후기 (오픈 이벤트... ,https://blog.naver.com/feelnowhere/224183705469,"프랄린 라떼 | 6,500원 | | Brewed | 오늘의 커피 (Batch Brew) | 5,000원 | | | 에티오피아 시다마 벤사 | 6,000원 | | Non-Coffee | <b>딸기 라떼</b> / 유자 레몬 에이드 | 6.5~7.0 | 특히 ~15:00까지 운영되는 런치 메뉴가 인상적이었다.... ",지나우 건강 뷰티 다이어터,blog.naver.com/feelnowhere,20260214
"강릉여행 필수코스, 초당커피정미소 누룽지크림<b>라떼</b> 솔직후기",https://blog.naver.com/duwls2518/224183706035,"✔ 저는 누룽지크림라떼 ✔ 남편은 레몬에이드 ✔ 아이는 <b>딸기라떼</b> 누룽지크림라떼 처음엔 이름이... <b>딸기라떼</b> 아이 메뉴라 사실 한두 모금맛 맛보려 했는데, 너무 달고 진해서 놀랐어요. 생딸기가 들어있어서... ",KIND BUT NOT SOFT,blog.naver.com/duwls2518,20260214
을지로예쁜카페 1020룸 두쫀쿠 아이와 함께 아쉬운 점,https://blog.naver.com/superstargw/224183701007,맛있고 <b>딸기라떼</b>는 아이들이 정말 좋아해서 재주문 하기도 했고요 잘 먹고 잘 놀고 즐거운 시간을 보내긴 하나 을지로예쁜카페 1020룸 분위기와는 다르게 아쉬운 점이 있었습니다 사장님이신지는 모르나 암튼;... ,말하기 Show,blog.naver.com/superstargw,20260214
양산두쫀쿠 두바이 디저트 파는 통도사 대형카페 순지카페... ,https://blog.naver.com/gidang_2/224183694746,"젤라또라떼, 설향<b>딸기라떼</b> 이렇게 주문했답니다 두바이 젤라또는 쫀득 달달 고소한 피스타치오 젤라또에 초코쉘, 피스타치오카다이프가 올라가요 두바이젤라또도 쫀득과 바삭의 조합입니다 달달하게... ",기댕씨의 하루⏰,blog.naver.com/gidang_2,20260214
[강원/삼척] 연휴에 들러야 할 삼척 신상카페 토디/생<b>딸기라떼</b>와... ,https://blog.naver.com/pisces-/224183691651,"삼척생<b>딸기라떼</b> (5,000)를 주문할거에요 !! 왜냐고 물으신다면 토디카페는 딸기농장을 직접 운영하신다구해서 당도 높은 딸기를 기대하고 왔거든요 당일수확, 농약없이 직접재배한 딸기도 절찬... ",Hello stranger:),blog.naver.com/pisces-,20260214
11. 16~19주 빵빵코니 일기,https://blog.naver.com/mungmung0903/224183690638,연세우유 딸기생크림빵 크림이 너무 퐁신퐁신 부드럽다 사실... 붉은말 그려져있어서 사본건뎈ㅋㅋㅋ... 04.Feb.2026 의국 비서 선생님이 사주신 <b>딸기라떼</b> 엄마가 사온 하리보 프루티부시 내스타일이야 암냠냠... ,빵빵이의 보물창고,blog.naver.com/mungmung0903,20260214
행복하자,https://blog.naver.com/muxn1/224183689017,그러고 다음 날이 윤성언니 생일이였어서 캔메이크 파우더를 드렸어 아직도 잘 쓰고 있으셔서 기분 좋아 ㅋㅋㅋㅋㅋ 윤성언니가 만들어준 <b>딸기라떼</b>를 먹었었어 (물론 용쌤도!!!) 용쌤이 첫번째 사진을 본계에... ,muxn1님의 블로그,blog.naver.com/muxn1,20260214
대구 달성 달창저수지 뷰 맛집 - 카페 안녕하다,https://blog.naver.com/angelark_/224183680103,"화이트뱅쇼 아이스 (6,500) 아이스 아메리카노 (5,000) 고구마라떼 (5,500) <b>딸기라떼</b> (7,000) 소프트 소금빵 (2,900) 먹물 소금빵 (4,200) 명란 소금빵 (4,200) 처음 먹어본 화이트뱅이쇼입니다. 항상 레드뱅쇼만 먹다 처음... ",배고픈 곰돌이 아크,blog.naver.com/angelark_,20260214
커피에 베이커리도 함께 즐길 수 있는 평택 키즈파티룸... ,https://blog.naver.com/aunimom/224183282845,"메뉴/이용내역 저희처럼 아이와 함께 키즈파티룸을 찾아서 방문하는 경우, 아이가 먹을 수 있는 젤라또아이스크림도 추천 드려요 요거트, <b>딸기</b>, <b>라떼</b>(우유맛) 3가지 종류가 어린 아이들한테도 무난한 맛 인것... ",윤빵월드,blog.naver.com/aunimom,20260214
삼산동 카페 정성 가득 수제 디저트 커피 맛집 발견했어요,https://blog.naver.com/helentmdgh13/224183677537,"함께 간 일행은 고소하고 깔끔한 '카페라떼'(5,000원)를 주문했는데, 구운 견과류의 고소함과... 다음번 방문 시에는 '리얼 <b>딸기라떼</b>'도 꼭 맛보고 싶어졌어요. 오티티커피는 단순한 삼산동 카페를 넘어, 디저트에... ",양생님 캐치볼 훈련장,blog.naver.com/helentmdgh13,20260214
스타벅스 베이비 마일로 리유저블 컵 선착순 증정기간·시간... ,https://blog.naver.com/jdy221/224183674610,붉은 로즈 초콜릿 얼 그레이 바닐라 티 라떼 바닐라 크림 콜드 브루 자몽 허니 블랙 티 스타벅스 <b>딸기 라떼</b> 개인적으로는 호불호 적은 메뉴인 바닐라 크림 콜드 브루 / 자몽 허니 블랙 티가 무난할 것 같아요.... ,똑똑한 개구리,blog.naver.com/jdy221,20260214
"오늘 수확, 오늘 발송 <b>딸기</b>는 신선도가 맛을 결정합니다",https://blog.naver.com/ifyouhigh/224183673280,활용도 만점 ✔ 그냥 먹어도 최고 ✔ <b>딸기라떼</b> ✔ 딸기청 ✔ 딸기케이크 토핑 ✔ 요거트 &amp; 샐러드 ⸻  이런 분들에게 추천 ✔ 달콤한 제철 과일 찾는 분 ✔ 아이 간식용 안전한 과일 찾는 가정 ✔ 선물용... ,이프 유 하이 스토리,blog.naver.com/ifyouhigh,20260214
[강원 횡성] 빈티지 감성 가득 횡성 노랑공장 대형 카페,https://blog.naver.com/syrh1052/224182395193,"원주 지정면 모 카페 7,500원 주고 <b>딸기라떼</b> 시켰는데 진심 남자들은 4모금 정도면 다 마실듯한 작은 잔에 나와서 이거 뭐 장난치나 했던......... 나중에 안귀찮을때 한번 거기 리뷰 해볼까 싶기도......... ",누리의 일상,blog.naver.com/syrh1052,20260214
개강까지 이제 3주 2월 둘째주 일기,https://blog.naver.com/eveloveadam/224183668750,있는 나인가보다 그냥 우울해서 단거 파티중 <b>딸기라떼</b>에 치즈케이크 먹는중 설날이라고 만원이상 시키니까. 이거 주심 ㅋㅋㅋㅋㅋ 귀엽다 그냥 고민하던 키보드를 질렀단는 이야기를 하고 싶었다 한글... ,아주 사적인 공간,blog.naver.com/eveloveadam,20260214
방배카페 / 서초카페 두바이쫀득쿠키 무드커피 아쫀쿠 커피 맛집,https://blog.naver.com/tokkung2/224183664588,메뉴 &amp; 내부 정보 겨울에 마시기 딱 좋은 설향<b>딸기라떼</b> 수제 베이스로 묵직하고 풍미 깊은 바닐라빈라떼 뒷맛이 깔끔한 말차라떼와 30시간동안 농축시킨 락토프리우유를 사용한 카페라떼까지 대박이죠 (p≧w... ,맛있고 행복한 요런저런 이야기,blog.naver.com/tokkung2,20260214
스타벅스 베이프 베이비마일로 리유저블 컵 행사 이벤트 기간... ,https://blog.naver.com/farbemaria/224183659458,붉은 로즈 초콜릿 얼그레이 바닐라 티 라떼 자몽 허니 블랙티 스타벅스 <b>딸기 라떼</b> 바닐라 크림 콜드브루 5종의 대상음료를 그란데 사이즈로 주문해야 리유저블컵을 받을 수 있어요! 스타벅스 베이프... ,패션&뷰티 라운지,blog.naver.com/farbemaria,20260214
파리바게트 발렌타인데이 케이크 종류 파바 두쫀팝 베리밤 케익... ,https://blog.naver.com/llllstyle/224183657941,"작년부터 말차, 두바이 카다이프까지 다양하게 유행하는 덕에 올해에는 딸기 외에도 먹거리가 많다는... 신메뉴 <b>딸기라떼</b> 랑그드샤, 초코 티라미수 랑그드샤, 말차라떼 랑그드샤 각 5,900원. 한입에 쏙 잣엿... ",엘리의 작지만 큰 이야기 *,blog.naver.com/llllstyle,20260214
스타벅스 아이스 두바이 초콜릿 말차 후기!,https://blog.naver.com/4xpyo/224183656399,음료는 이렇게 생겼어요 언니랑 같이와서 언닌 <b>딸기라떼</b> 저는 두바이 초콜릿 말차 시켰어요! 우선... 차라리 두쫀쿠 드시고 말차 라떼 사드세요. 그치만 궁금하시면 젤 짝은 사이즈로 한 번 도전 해보시길.. 사람... ,일상 공유도치,blog.naver.com/4xpyo,20260214
동래 온천천 브런치 씨즐,https://blog.naver.com/meimei08-/224183654880,시켰는데 <b>딸기라떼</b> 정말 맛있더라구요 ..!?  맛있는 딸기 우유에 안에 딸기가 같이 씹히는 그런 맛 담에 방문하면 또 <b>딸기라떼</b> 먹을 거 같아요 (1인 1브런치) 음식은 동시에 나와서 먼저 샐러드부터 먹었어요... ,일상 속 행복,blog.naver.com/meimei08-,20260214
광주 광산구 수완지구 카페 [ 르부케 ],https://blog.naver.com/464tpwls/224183652625,[ <b>딸기라떼</b> ] 맛있는 <b>딸기라떼</b>집이 별로 없어서 기대하지 않았는데 받고 너무 좋았어요!!! 라떼안에 생딸기가 듬뿍 들어 있어서 한입 먹을 때마다 달콤하고 상큼한 맛이 느껴졌어요. 우유와 딸기의 조화가... ,지니의 happy_space • ɔ •,blog.naver.com/464tpwls,20260214
고령 안림천 카페 / 고령 카페 추천 / 생<b>딸기 라떼</b> 맛집 / 경북... ,https://blog.naver.com/pelet/224183651510,좋아하면 딸기주스보다는 생<b>딸기라떼</b>가 더 낫다고 하더라고요 보기에도 너무 예뻐요 ㅋㅋ 데코 된 딸기도 싱싱해서 먹으면 된다고 하시길래 입안에 넣어보니 그렇게 달콤할 수가 없지요? ^^ 근처에 대가야... ,바른생활 시원,blog.naver.com/pelet,20260214
2.12일 중학교 친구들과 경복궁✨,https://blog.naver.com/beomgyu0309-/224183649716,일본 감성 너무 좋은 것 같다..ㅠ 근데 내가 못생긴건지 카메라빨을 못 받는건지… 얼굴이 너무 못생기게 나와서 조금 시무룩 했었다 하지만 보정 어플이 있으니까^^… 거울에서도 한번 찍구~ <b>딸기라떼</b> 냠냠... ,이 순간이 영원 했으면✨,blog.naver.com/beomgyu0309-,20260214
"강남 썸띵어바웃커피: 강남역 디저트 카페, 신논현역... ",https://blog.naver.com/mynameissunshine/224183646773,달달하니 맛있더라구용 <b>딸기라떼</b>도 딸기 과육이 춉춉 잘 씹혀서 좋았어요 꺅 저녁먹고 2차로 가기 좋은 강남 썸띵어바웃커피 추천해여 #강남역카페 #신논현역카페 #썸띵어바웃커피 #강남썸띠어바웃커피... ,해짤의 하루하루,blog.naver.com/mynameissunshine,20260214
북한강 뷰 통창에서 말차 슈페너 마신 힐링 남양주 카페,https://blog.naver.com/sesses0399/224183642040,저는 이곳의 시그니처 메뉴 중 하나인 말차라떼를 주문해 보기로 했어요. 주문률이 높다는 말에... 말차와 다른 재료의 조합도 궁금해서 말차 조안 <b>딸기 라떼</b>를 주문했어요. 이 메뉴는 말차의 쌉싸름함과 딸기의... ,★블리의 최강우주월드★,blog.naver.com/sesses0399,20260214
(광주) 수완지구 분위기 좋은 감성 카페 늦게까지 하는 곳... ,https://blog.naver.com/dona1oo4/224183637005,"초코크림라떼 이렇게 음료만 주문했어요 주문한 음료가 나왔어요 비주얼부터 합격  <b>딸기 라떼</b>에는 건조된 딸기 크럼블을 듬뿍 올려주셔서 상큼함이 더해진 느낌이고 초코, 녹차 크림라떼에는 풍성한 크림을... ",DONADONA Blog,blog.naver.com/dona1oo4,20260214
송도 두쫀쿠 맛집 송현아 카페 추천 카페그라토,https://blog.naver.com/solgeat/224183636920,"논커피 종류는 <b>딸기라떼</b>, 초코라떼, 에이드가 있어요 디저트류는 치아바타+카이막, 휘낭시에, 브라우니, 쿠키가 있어요. 치즈타르트와 치즈케이크도 있습니다. 원래 예전에 다쿠아즈로 판매하셨었는데 이젠 안... ",solgeat의 솔깃한 일상,blog.naver.com/solgeat,20260214
용산 후암동 카페 우녹 Unok 특별한 찹쌀도너츠 한옥스타일... ,https://blog.naver.com/minie30/224177350784,우녹라떼(디카페인)와 <b>딸기라떼</b>로 주문했어요! 주문한 메뉴가 나왔고요 찹쌀도너츠(츄이도넛)는... 우녹라떼와도 꽤 잘 어울린다는 느낌이어서 좋았어요 딸기는 상큼달달한 딸기청으로 우유에 타주셔서 잘... ,오늘의 뜌루,blog.naver.com/minie30,20260214
마산 댓거리 빈티지 카페 - 네이버후드,https://blog.naver.com/mok3145/224183627272,"아메리카노 <b>딸기라떼</b> 오레오 브라우니 영수증 리뷰 이벤트 참여시 디저트류 1,000원 할인!! 제 최애... 맛있고 <b>딸기라떼</b>도 맛있더라고요! ㅎㅎ 집 근처 산책할때 한번씩 방문하기 좋은거같아요 이상으로... ",주피터네 빵순이,blog.naver.com/mok3145,20260214
수원역 베이커리 카페 일상엔 베이커리 토피넛크림<b>라떼</b>... ,https://blog.naver.com/yujin_home/224182779997,논커피라떼 - <b>딸기 라떼</b>  A급 딸기를 저온당침하여 색과 향을 모두 잡은 겨울 한정 음료 방문할 때마다 새로운 메뉴를 경험할 수 있다는 점도 매력 포인트다! 수원역 베이커리카페 일상엔 베이커리 후기... ,yujin_home,blog.naver.com/yujin_home,20260214
<b>딸기</b>생크림케이크 맛집 나달케이크,https://blog.naver.com/gogoju-/224183621943,"망그러진곰 딸기 넘 귀여워용 카페음료 커피, 차, 감귤에이즈, 생<b>딸기라떼</b>, 레몬유자에이드, 초코, 그린티라떼 등의 카페음료 있어요 네이밍은 '날'과 '달' 흘러가는 시간 계절의 제철과일로 만든 케이크를... ",서울의 맛집과 여행지,blog.naver.com/gogoju-,20260214
디저트가 맛있는 구월동 카페 스타싸인,https://blog.naver.com/jujube160807/224183622085,디저트에도 들어가면 풍미가 깊다는 바닐라빈이 들어가서 그런지 깊은 맛이 나고 꾸덕한 크림과 같이 먹으니까 완전 당충전 ➿️ 생<b>딸기라떼</b> 딸기청과 우유 그리고 생딸기조각까지 올라간 생<b>딸기라떼</b>!... ,Golden Berly,blog.naver.com/jujube160807,20260214
유치원 교사의 하루 일과를 알아보자_part.4 발표회편,https://blog.naver.com/jisu0752/224183613986,샌드위치 + <b>딸기라떼</b>로 야근 수당 챙기기••• 미션 ! 시작 전까지 배를 채워라 (구라같다 올라가기 한 시간 전 부터 여자 친구들 머리 새로 싸악 묶어주기 시작. 스프레이를 그냥 들이 붓는 중 맑은샘물 하띵... ,⃰,blog.naver.com/jisu0752,20260214
고성 소노캄 펠리체 ‘더엠브로시아’ 울산바위뷰 카페 평일... ,https://blog.naver.com/leesiheun/224183614070,"그냥 라떼에요 ㅎㅎ.. 쿠키랑 같이 먹으니 무난합니다. <b>딸기라떼</b> 생딸기 퓨레로 달달한 거 좋아하면 만족할 맛. 비주얼도 예쁘고, 애기들도 잘 먹을 것 같아요 앉아서 커피 한 모금 마시고 창밖 보면 바로... ",흔하지 않은 블로그,blog.naver.com/leesiheun,20260214
"[거제 구조라 카페] 소금빵이 기억에 남는 디저트 맛집, 마르아줄",https://blog.naver.com/kbr1224/224183612021,"요즘 시즌 메뉴인 <b>딸기라떼</b>와 딸기우유도 추천 메뉴다. 이곳은 단순히 예쁜 카페가 아니라, 음료와 디저트까지 안정적으로 맛있는 집이라 꾸준히 찾게 된다. 메뉴 마무리 마르아줄은 공간도 포근하지만... ",안온한 조각들,blog.naver.com/kbr1224,20260214
"남양주 카페 추천 THE377｜연중무휴 9~22시, 가족/데이트 코스... ",https://blog.naver.com/walkinginthewinter/224182406074,"때는 <b>딸기라떼</b>를 마셨던 기억이 있어서, 이번엔 분위기 바꿔서 에이드로! 그리고 이 날 제일 웃겼던(?) 포인트는 아이가 아주 혼자 잡고 잘 먹더라고요 ㅎㅎ 저는 살짝 맛만 본 ㅋㅋ 카페라떼 라떼는... ",walking in the winter wonderland,blog.naver.com/walkinginthewinter,20260214
대전 성심당 다음으로 <b>딸기</b> 막 퍼주는 수청골 디저트 카페... ,https://blog.naver.com/glrjd0212/224183605798,"카페 레오 수통골의 자연 경관을 즐길 수 있는 아주 예쁜 카페인데 핸드 드립 커피, 계절 과일 빙수, 크로플이 유명해요 12월~4월까지는 딸기 시즌 딸기 크로플, 딸기 빙수, <b>딸기 라떼</b>, 딸기 스무디 옛날 팥빙수... ",츄랑,blog.naver.com/glrjd0212,20260214
메가커피 신메뉴 크런치 피스타쵸 프라페 피스타치오 솔직후기... ,https://blog.naver.com/dawn_of_winter/224183604064,&gt;인기메뉴 2종 구매 시 1000원 할인&lt; 땍1) 음료 2종 택2) 디저트 4종 &gt;단품 300원 할인&lt; 크런치 피스타쵸 프라페 메가베리 아사이볼 <b>딸기라떼</b> 말차젤라또 퐁당 딸기프라페 딸기젤라또 퐁당 딥 초코라떼 그린키위... ,해마's의 냠냠일상,blog.naver.com/dawn_of_winter,20260214
[송정 오션뷰 카페] 뷰가 정말 좋고 애견동반 가능한... ,https://blog.naver.com/xw990917/224183603411,"☕ 내가 먹은 메뉴 블루베리 요거트 스무디 8,500원 <b>딸기라떼</b> (ICE) 8,000원 딸기 프레누아 8,500원  총 25,000원 스무디가 더 맛있었습니다 음료는 솔직히 “엄청 특별하다” 이런 느낌은 아니고 뷰값 포함해서... ",어디가노님의블로그,blog.naver.com/xw990917,20260214
대전샌드위치도시락 대전단체도시락 대전간식도시락,https://blog.naver.com/rose_8707/224183602587,"홀샌드위치와 제철과일 아이스아메리카노 구성 (16,000원) 2.불고기랩샌드위치와 <b>딸기라떼</b> 제철과일 구성 (18,000원) -음료, 과일변경 가능합니다 ☺️ 3. 불고기랩샌드위치와 <b>딸기라떼</b> 미니디저트... ",Mellow Meal,blog.naver.com/rose_8707,20260214
닉센 새벽 두시까지 빵 식사 가능한 남양주카페,https://blog.naver.com/jeunju33/224183598379,"또 다른 음료로 <b>딸기라떼</b> (7,800원)도 맛보았는데, 인공적인 맛이 아닌 신선한 딸기의 맛이 진하게 느껴져서 좋았어요. 이곳은 커피뿐만 아니라 다양한 음료 라인업이 잘 갖춰진 남양주카페라는 생각이... ",쭈-일상-정보,blog.naver.com/jeunju33,20260214
[카페] 삼척 근덕 신상카페 토디 / 소금빵 &amp; 버터바가 맛있는 카페,https://blog.naver.com/bless3you/224183365355,"토디 음료 메뉴 및 가격 대표메뉴 삼척생<b>딸기라떼</b> : 5,000원 삼척생딸기주스 : 6,500원 창가 자리에서 바라본 읍내 느낌의 바깥풍경 주문한 음료와 소금빵~ 생<b>딸기라떼</b>(5,000원) 누룽지 소금빵(4,500원), 호떡... ",복쓰리와 소소한 행복을 찾아서...,blog.naver.com/bless3you,20260214
스타벅스 <b>딸기라떼</b>/딸기케이크 종류/가격/스타필드 스벅,https://blog.naver.com/tong2lover/224183597712,겨울답게 바리스타 favorites도 <b>딸기 라떼</b> 딸기 딜라이트 요거트 블렌디드 딸기 음료가 두개나ㅎㅎ 붉은로즈초콜릿 새로 나왔던데 달다구리 땡길 때 당 충전 제대로일 거 같아요. <b>딸기라떼</b>로 주문~ 설향... ,Tong2lover,blog.naver.com/tong2lover,20260214
"강원도 철원 감성카페 무이무 다녀옴, 디저트랑 분위기 둘다... ",https://blog.naver.com/eunjini1015/224183592335,인테리어가 정말 잘되있어요오 내스타일 이렇게 아기의자두 준비 되어있어요 참고하세요 저희가 주문한 메뉴는 르뱅쿠키 쫀득쿠키 아이스아메리카노 아이스 바닐라라떼 <b>딸기라떼</b>를 주문했어요 디저트 종류가... ,은진로그|일상.건강.육아.가성비 뷰티 솔직리뷰,blog.naver.com/eunjini1015,20260214
3년만에온 단발병 - 단발/단발펌 후기 (단발머리가 고민이라면?),https://blog.naver.com/qezep/224183591510,기념으로 <b>딸기라떼</b> 먹으러 갈께요~ 감사합니다. 오늘의 기포댁의 하루는 이렇게 행복하게 마무리 해요:) (한줄 평 : 새해를 속시원한 마음으로 맞이하는 느낌.) -참고- -내돈내산- #단발머리 #단발 #단발머리... ,기포댁의 일기장,blog.naver.com/qezep,20260214
"[성신여대입구역 맛집] 우공 / 59,000원에 만나는 5코스의... ",https://blog.naver.com/hydeyukimi/224183588671,"그리고 넘 궁금해서 주문해본 <b>딸기라떼</b>막걸리. 딸기가 엄청 가득가득 들어있었어요. 첫 입부터 끝까지 딸기를 즐길 수 있었고, 마지막까지 딸기가 남았던. ㅎㄷㄷ 예쁜 <b>딸기라떼</b>막걸리까지 합류시켜서 한 컷.... ",Le palais de la lune♪,blog.naver.com/hydeyukimi,20260214
전북 남원 빈타이카페 아기랑 좋은 카페 추천 기저귀갈이대 있음,https://blog.naver.com/thdal810/224183586228,"✔️<b>딸기라떼</b> 6,500원 ✔️아아 4,500원 ✔️땅콩커피 5,800원 주문완료 아기랑 사진도 남기고 빈타이카페에서 잘 쉬다가 갑니다! #남원카페 #남원아기랑가기좋은카페 #빈타이남원점 #땅콩커피 #남원여행 #카페... ",쏭그링,blog.naver.com/thdal810,20260214
"돈이 없으면 집이라도 팔아, 마트에서 짐이라도 날라",https://blog.naver.com/wlsekffp97/224183584955,카페를 엄청 가네 저 <b>딸기라떼</b> 맛있는데 우유가 좀 더 많으면 좋겠음.. 여기 투썸에서 나름 열심히 했다 요즘 내 모든 것 풍향고2 오스트리아 나도 가보고싶다.. 아니 유럽? 너무 재미있음 아저씨 귀여워하는거... ,진예의 무드북,blog.naver.com/wlsekffp97,20260214
부힛..1,https://blog.naver.com/leeeeeeunn/224183581745,뿌힛 학생이 사다준 <b>딸기라떼</b> 오마이갓~~뜨 정말 기쁘규 맛있었다 우씨 오~~~~~~~~랜만에 친구들을 만나서 인동초 가주었습니다 계란부침 최고!!! 마라와 함께 취한 채로 버스타고 본가 가기.. 엄마가 해준 배추전... ,꩜,blog.naver.com/leeeeeeunn,20260214
광주 첨단 카페 추천 어썸바이츠 예쁜 디저트 맛집 감성카페,https://blog.naver.com/ptngus99/224183580398,"말차크림라떼 가격: 5,500원 이건 소영이가 주문한 말차 크림 라떼예요 ☕️ 비주얼부터 영롱 그 자체... 말차 <b>딸기 라떼</b>예요  말차 or 초코 or 딸기 셋이 합쳐진다? 맛이 없을 수가 없음 ㅇㅇ 저는 그래서... ",먹기 위해 사는 박두현˙Ⱉ˙,blog.naver.com/ptngus99,20260214
부산대 디저트 카페 컵넛 부산대점,https://blog.naver.com/my_go5rae/224183579562,"비주얼,, <b>딸기라떼</b>는 생각했던 거 보다 더 달달했고 우유랑 딸기청이 잘 어우러져서, 적당히 달달함 딸기우유 색감 제대로라 넘 예쁘죠  바닐라라떼는 커피 향이 좋고 산미가 강하지 않아서 디저트랑 무난하게... ",지금은,blog.naver.com/my_go5rae,20260214
대구근교 아이랑 가기 좋은 카페 고령 부엔빠리오(주차... ,https://blog.naver.com/mmeetime/224183578795,"달달구리 디저트] 크루아상, 소금빵 <b>딸기라떼</b> 오미자에이드 빵이랑 음료 모두 평균 이상은 하는 맛! 음료 종류가 많아서 아이들도 병에 담긴 가공음료 대신 라떼나 우유 과일주스를 먹기에 좋아요 식빵... ",metime_,blog.naver.com/mmeetime,20260214
[경주황리단길]프토카페*리틀고냅*,https://blog.naver.com/jjeong909/224183576952,ㅠㅠ <b>딸기라떼</b> / 초코라떼 / 히비스커스레몬에이드 <b>딸기라떼</b>가 품절이라 초코는 너무 달꺼같아서..ㅠㅠ 정리 &gt;&gt; 디저트류는 믿고먹어요 &gt;&gt; 음료종류가 다양하지 않아요 &gt;&gt; 분위기가 너무좋고 햇살이 따뜻해요... ,٩( ᐛ )و,blog.naver.com/jjeong909,20260214
[예산 여행] 충남 예산 카페 '여기서 행복할 것' 메뉴 및... ,https://blog.naver.com/howinjjang/224183576662,"주요 메뉴 리스트 티 (Tea): 얼그레이 티, 유기농 허브티(캐모마일, 페퍼민트, 루이보스, 히비스커스 중 선택) 각 4,000원 라떼 및 병 음료: 밀크티 보틀(5,500원), 제주 그린티 라떼(5,800원), 리얼 <b>딸기 라떼</b> 보틀... ",비오는새벽,blog.naver.com/howinjjang,20260214
해방촌 카페 추천 카페오이이 분위기 좋은 내돈내산 디저트맛집,https://blog.naver.com/christyeji1/224179951260,ㅎㅎㅎ 카페 찾다가 가장 가까운 카페가 카페 오이이 이길래 방문해봤어용 저는 <b>딸기라떼</b>와... 맛있었고 <b>딸기라떼</b> 정말 추천드립니다 ! 초콜릿베리케이크도 완전 꾸덕한 갸또 느낌이었어요 ~ 존맛 !!... ,화사쁠리,blog.naver.com/christyeji1,20260214
[명지빵지순례] 햇살 폼 미쳤다... 속 편한 쌀케이크 맛집... ,https://blog.naver.com/jwd2177/224182489201,"☕ 음료: 아메리카노(4.5), 카페라떼(5.5, 오트밀크 변경 가능!), 그리고 겨울 시즌 메뉴인 <b>딸기라떼</b>랑 뱅쇼까지!  쌀 케이크: 딸기 생크림, 블루베리, 쑥팥, 흑임자, 다크초코 등등... 라인업 화려합니다. 홀케이크... ",알짜정보 똑띠와 함께,blog.naver.com/jwd2177,20260214
잠실 롯데백화점 팝업 | 팝버블 짱구 베이커리 카페 방문~,https://blog.naver.com/sanare915/224183249441,"짱구 <b>딸기라떼</b>를 골랐습니당 흰둥이 귀요미♥︎ <b>딸기 라떼</b> 이외에 아이스아메리카노 메론빵, 짱구 바스크치즈케이크를 주문했구요 기다리는 동안 다시 굿즈구경타임 거울샷 초코비에어팟케이스와... ",사나래's blog,blog.naver.com/sanare915,20260214
"2026,01",https://blog.naver.com/rlaekdls1220/224183570421,윤슬 체고다 자기 얼굴만 한 <b>딸기라떼</b> 혼자 한잔 다 드시는 분•. • 돌아와서 자쿠지 ♥ 이날부터 자쿠지 매력에 빠졌음… 집에다 만들고 싶다 진짜로.. 여기 숙소 단점..! 나가려면 무조건 카트를 이용해야... ,.☘︎ ˖꙳,blog.naver.com/rlaekdls1220,20260214
앨리웨이 카페 한담 후기,https://blog.naver.com/kangyn_/224183567077,다음에는 빵이 가득한 시간대에도 다시 와보고 싶어졌습니다  오늘 주문한 음료는 <b>딸기라떼</b>와 초코라떼예요. 사진처럼 비주얼이 깔끔하고 색감도 예뻐서 한 컷 찍기 좋았어요. <b>딸기라떼</b>는 우유맛이 더 강하게... ,Daily Jian,blog.naver.com/kangyn_,20260214
경북 영덕 구계리 바다뷰 오션뷰 커피숍 [ 하프문베이 카페 ],https://blog.naver.com/eg0day/224178825872,"고구마라떼 6,500 <b>딸기라떼</b> 7,500 망고스무디 7,500 메도우 7,000 음료 가격은 막 싸지도 비싸지도 않은..? 오션뷰 카페치고는 저렴한 것 같기두.. 종류가 많지는 않지만 간단한 디저트류도 몇가지 있었습니다~ 다... ",먹잘알,blog.naver.com/eg0day,20260214
어서와요 2026년,https://blog.naver.com/seoyul_0103/224183565945,딸기 귀신 나가신다 다 길을 비켜라️ 아빠가 끓려준 라면 내가 만든 유보초밥 장~담 모한다 흐물흐물... 음료수 <b>딸기라떼</b> 우리집 입장이여~ 다들 고개를 숙이거라 항상 내 블로그 일등으로 봐주는 신또민 넘... ,율이,blog.naver.com/seoyul_0103,20260214
달그락달그락 블로그 찵이기,https://blog.naver.com/meeeeeow_/224183557248,엄마 가게 간 털뭉치 쿨쿨  260203 화 모임을 가져요 뭐야 이 기억도 안 나는 사진은 멀리서 취객을 지켜보는 뚱뚱해삼 260204 수 저는 밍밍하고 약간 새콤 달달?한 <b>딸기라떼</b>를 좋아한답니다 꾸벅 꾸벅... ,.집,blog.naver.com/meeeeeow_,20260214
스타벅스 베이프 리유저블 컵 받는 법! 2026 베이비 마일로... ,https://blog.naver.com/gazii/224183557786,붉은 로즈 초콜릿 (HOT / ICED) 얼 그레이 바닐라 티 라떼 (HOT / ICED) 바닐라 크림 콜드 브루 (ICED ONLY) 자몽 허니 블랙 티 (HOT / ICED) 스타벅스 <b>딸기 라떼</b> (ICED ONLY) 3. 꼭 알아야 할 주의사항 POS 주문 필수: 사이렌... ,라이프 아카이브,blog.naver.com/gazii,20260214
거제매미성 오션뷰카페 디스커버리 밤바다 보기 좋은곳,https://blog.naver.com/withnyeong/224183555481,<b>딸기라떼</b>7.5 초콜릿라떼6.5 그린티라떼6.5 한라봉 착즙주스7.2 토마토주스7.8 대추차6.5 레몬차6.8 자몽차6.8 캐모마일6.5 페퍼민트6.5 복숭아아이스티6.5 플레인 요거트 스무디7.0 코코넛 스무디7.5 딸기... ,녕이랑 녀행로그,blog.naver.com/withnyeong,20260214
앨리웨이 카페한담 방문 후기,https://blog.naver.com/gmlgml_0/224183554001,초코라떼 되게 달고 맛있었어요! 위에 크림이 달달한 크림이더라고요 묵직하고 달달해요 <b>딸기라떼</b>는 친구가 시켰는데 우유맛이 많이 난다고 하더라고요 딸기 베이스가 좀 부족했던 게 아닌지...^^ 아쉬웠어요... ,희희낙락,blog.naver.com/gmlgml_0,20260214
"스타벅스 베이프 리유저블컵, 스벅 마일로 한정 이벤트 기간 정보",https://blog.naver.com/camelknee03/224183549929,"대상 음료는 붉은 로즈 초콜릿, 얼 그레이 바닐라 티 라떼, 바닐라 크림 콜드 브루, 자몽 허니 블랙 티, 그리고 스타벅스 <b>딸기 라떼</b>까지 총 다섯 종류입니다. 음료를 주문하면 컵에 담아주는 방식이니 서두르시는... ",낙타무릅,blog.naver.com/camelknee03,20260214
"신메뉴 가격 &amp; <b>딸기</b>젤라또 퐁당 딥초코<b>라떼</b>, 밀크쉐이크 솔직후기",https://blog.naver.com/jungwon4812/224183549418,"3,900원→3,600원 <b>딸기라떼</b> 3,700원→3,400원 그린키위 콕콕 딸기스무디 4,000원→3,700원 딸기젤라또 퐁당 딥초코라떼 후기 이번 시즌메뉴중 궁금했던 딸기젤라또 퐁당 딥초코라떼. 키오스크 주문시 할인가격 4... ",맨땅에 명지부부,blog.naver.com/jungwon4812,20260214
광주도시락 찾을 땐 요거트 쿠키까지 한 번에 해결해요,https://blog.naver.com/poopum2/224183547477,"커피나 라떼와 함께 곁들이면 당 충전 제대로 될 것 같은 맛이었어요. 매장 내에 좌석 테이블도... 에이드 종류와 요거트 스무디, 일반 스무디까지 갖추고 있었는데, 저는 식사 후에 리얼<b>딸기라떼</b>를 주문해... ",poopum2님의 블로그,blog.naver.com/poopum2,20260214
천안 두정동 디저트 맛집 히엘 ｜ 두바이 쫀득쿠키가 맛있는... ,https://blog.naver.com/gpwjd42210/224183547899,"바닐라라떼 인위적인 시럽 맛이 아니라, 입술에 닿는 우유 거품부터 쫀쫀하고 부드러운 고급스러운... <b>딸기라떼</b> 우리 22개월 아기 채채의 최애 메뉴! 진짜 생딸기가 가득이라 과육 씹는 재미가 쏠쏠해요. 우유랑... ",ꢾ୧ 린린채엄마의 다정한 기록 ꢾ୧,blog.naver.com/gpwjd42210,20260214
노원도시락 준비 끝! 맛있는 디저트까지 한 번에 해결했어요,https://blog.naver.com/jooya-world/224183544938,"리얼<b>딸기라떼</b>, 리얼망고라떼, 컵화채 등 선택지가 다양했어요. 과일 본연의 맛이 살아 있어 과하게 달지 않았고 색감도 예뻐 행사 분위기를 한층 살려줬어요. 노원도시락과 음료까지 함께 구성하니 준비 과정이... ",주야의 감성리뷰로그,blog.naver.com/jooya-world,20260214
바삭함의 정석! 경주 황리단길 페스츄리 찐 베이커리  카페: 레브,https://blog.naver.com/rlask1013/224182999668,"그리고 제철 과일 샌드위치랑 <b>딸기라떼</b>도 맛있다고 하니 여러분은 발견하시면 꼭 드셔보세용 ~ 냅킨과... 리본파이 - 5,400원 오레오모찌 - 4,200원 카페라떼 - 4,500원 수제매실차 - 3,500원 라떼가 고소하니 달달한... ",夏夜,blog.naver.com/rlask1013,20260214
[은평] 바삭한 페이스트리의 두바이 퀸아망 연신내 카페... ,https://blog.naver.com/milygraphic/224181791777,딸기 케익이 너무 맛있어 보여서 고민했다 ㅋㅋㅋㅋ 초코 키리쉬 케익으로 다크체리를 가득 넣은 초코... 2개 <b>딸기라떼</b> 5500원 사실 이날의 패착은 <b>딸기라떼</b> 였을까 두바이 퀸아망을 두 개 시킨 이유일까.. 단+단... ,여행가 밀리,blog.naver.com/milygraphic,20260214
스타벅스 더블에스프레소 크림<b>라떼</b> 세배돈 봉투 증정 이벤트,https://blog.naver.com/riflemp5/224183542111,"티 라떼, 붉은 로즈 초콜릿, 유자 배 캐모마일 티, 스타벅스 <b>딸기 라떼</b>, 딸기 딜라이트 요거트 블렌디드, 붉은말 당근밭 케이크, 베이컨 시저 치킨 샌드위치, 레이디핑거 티라미수 케이크 스타벅스에서 가져온... ","아시잖아요,",blog.naver.com/riflemp5,20260214
해운대 부산당 단팥빵 무화과깜빠뉴 맛집,https://blog.naver.com/eklt/224183541919,요즘 딸기철이다 보니 매니저 추천으로 <b>딸기라떼</b> 메뉴도 있다. 딸기도 무척 싱싱해 보이는데 딸기시루 케이크도 많이들 사갔다고 하셨는데 요것도 무척 맛있어 보인다. 딸기케이크 생과일 케이크를 좋아 한다면... ,단아가영,blog.naver.com/eklt,20260214
좋은 재료가 주는 자연스러운 맛 대전 롯데백화점 카페... ,https://blog.naver.com/magikal1004/224183540546,아이스 설향<b>딸기라떼</b>는 위에있는 딸기아이스크림을 먼저 떠서 먹어줬는데요 이거 딸기아이스크림 진짜....대박 맛있어요 살면서 먹은 딸기아이스크림 중 가장 맛있어요!!!! 곁들임 디저트 오븐에 구운... ,팔도맛쟁이부부의 쩝쩝일기,blog.naver.com/magikal1004,20260214
연남동 디저트 카페 책과 잘 어울리는 공간인 카페 짙은산,https://blog.naver.com/worklog/224183540904,"에이드, 라떼 *주문메뉴* 믹스 베리에이드(블루, 블랙, 라즈베리) 7,000원 <b>딸기라떼</b> 6,500원 논-커피 음료 두 잔을 주문했습니다. 음료는 사장님이 가져다 주세요. 음료를 보니 가볍게 제조하는게 아니라 정성이... ",WORKLOG,blog.naver.com/worklog,20260214
⭐️2월 둘째주 일상_여러분 저 이사가요!,https://blog.naver.com/song951211/224183539876,피자  #<b>딸기라떼</b> 로 비타민 충전  자동세차장에 갇힌 적 있으세요? 전 있어요 남은 반찬으로 오빠랑... 과일 #딸기  주말에 딸기 한팩 먹어야겠다 3번집은 세입자분이 있어 사진 못찍구 구축이지만 도배 &amp; 싱크대... ,노잼도시 대전에서 살아남기,blog.naver.com/song951211,20260214
서울 성수 카페 수플레 맛집 5to7 성수본점 <b>딸기</b>에 진심인곳,https://blog.naver.com/nn3145/224183538669,저희는 딸기 수플레와 <b>딸기 라떼</b> 크림브륄레 패션후르츠 에이드까지 다양하게 주문했어요 마실 물도 별도로 마련되어 있어서 물 드실 분들은 편하게 가져다 드시면 돼요 저는 오랜 시간 수다를 떨다 보니... ,어디든지 달려간다롱,blog.naver.com/nn3145,20260214
나만 몰랐어?  모두를 설레게 하는 '유죄 인간' 특징 분석... ,https://blog.naver.com/saving_haru/224183536455,"예시: &quot;김대리님, 저번에 <b>딸기 라떼</b> 좋아하신다고 했죠? 오다 하나 샀어요.&quot; -&gt; (심쿵 포인트: 내 취향을 기억하고 챙겨줌) 이름 자주 부르기 대화 중간중간 상대방의 이름을 자연스럽게 섞어 부릅니다. 예시... ",하루하루 아끼는 기록♥,blog.naver.com/saving_haru,20260214
[파주 카페] 앤드테라스,https://blog.naver.com/comefromsky/224183529374,"주문 메뉴: <b>딸기라떼</b>, 딸기케이크, 콜드브루 장점: 좌석이 다양하고 매우 많음. 넓은 주차공간(+친절한 주차요원 아저씨) 단점: (대부분 대형카페가 그렇듯이) 맛있진 않음. 대형 카페를 선호하지 않아요. 대부분... ",들판에서 뛰어놀아라,blog.naver.com/comefromsky,20260214
"성안길, 잊을 수 없는 빵의 향연 미식가를 사로잡다",https://blog.naver.com/fc20347t/224183529618,"커피 외에도 수제 딸기청이 들어간 <b>딸기라떼</b>, 발로나 초코라떼, 쌍화생강라떼 등 다양한 음료가 준비되어 있습니다. 매력적인 공간 편안하고 여유로운 분위기의 매장은 혼자 여유를 즐기기에도, 친구와 수다... ",예쁘니,blog.naver.com/fc20347t,20260214
[설 선물/ 호두 정과] 명절 선물 고민 끝 ! 부담 없는 호두 정과... ,https://blog.naver.com/sunni__7/224183168785,초코 - <b>딸기라떼</b> - 말차라떼 - 꿀 각각 개성이 있어서 골라 먹는 재미도 있어요 달달한 시즈닝이 뿌려져... 있어요  딸기맛 은은한 핑크 컬러에 상큼한 딸기향 아주 달콤해요  초코맛 코코아 파우더가 입혀져... ,수니의 맛집과 뷰티로그,blog.naver.com/sunni__7,20260214
대구 동성로 고양이카페 캣플헤븐 - 30개월 아기와 함께 다녀온... ,https://blog.naver.com/mamlog/224183524713,"음료는 카라멜마끼야또, <b>딸기라떼</b>를 시켰어요 ! 아기 먹을 건 마땅한 게 없어서 처음엔 젤라또를 시켰는데, 고양이 공간 안에서는 음식 섭취가 안 된다고 하더라고요. 고양이 보다가 밖에 나와서 먹자고 하면... ",엄마는 쓰는 중,blog.naver.com/mamlog,20260214
전남대병원맛집에서 맛본 꾸덕요거트와 두쫀쿠,https://blog.naver.com/ri7369/224183514619,"식후에 시원한 음료가 당겼는데, 리얼<b>딸기라떼</b>나 리얼망고라떼 같은 시그니처 음료도 눈에 띄었답니다. 저는 요거트와 잘 어울릴 것 같은 플레인 요거트 스무디를 주문했는데, 시원하면서도 상큼해서... ",ri7369님의 블로그,blog.naver.com/ri7369,20260214
청계산 돌고 오면 좋은 뜨개질 가능한 카페 누뗀,https://blog.naver.com/gracesseo/224154266427,"아메리카노 두잔과 <b>딸기라떼</b> 두잔- 아메리카노는 5,500원으로 다른 카페와 비슷한 것 같은데, <b>딸기라떼</b>가 가격대비 양이 아주..... ㅋㅋ 다음에 기회되면 와서 1인세트로 주문하고 종일 뜨개질이나 하다 가야겠다.... ",써녜 맛집/일상 기록,blog.naver.com/gracesseo,20260214
묵호 여행 미유키 말차 2층 룸 이용 웨이팅 뷰 후기ㅣ내돈내산,https://blog.naver.com/lakaella/224176955003,괜찮아요~ 밀크티 초코라떼 <b>딸기라떼</b>도 있어요 ㅎ . . . 어랏? 맥주와 안주도 있어요 ㅎㅎㅎ 바다 보면서 먹는 맥주라... 낭만 초과! 디저트도 5가지 종류! 옥수수 케이크 크림치즈케이크 초코 크레이프... ,맛없는 건 안 먹어요.,blog.naver.com/lakaella,20260214
석촌호수 카페 고급진 수제디저트 명절선물은 마이서울바이츠,https://blog.naver.com/mp35455/224183507035,"카페라떼는 산미 없이 고소해서 빵이랑 잘 어울렸습니다. 달달한 거 당길 때 최고인 <b>딸기라떼</b>는 과육이 씹히는 리얼 딸기 우유 맛이었고, 따뜻한 핫초코는 찬 바람 불 때 몸 녹이기에 딱 좋았습니다. 이렇게... ",실베리오리뷰맛집,blog.naver.com/mp35455,20260214
설명절 ㅣ 시골가는길,https://blog.naver.com/rrnrrrnr/224183506039,"커피와 음료주문 평소라면 디카페인 마시겠지만 오늘은 카페인으로 뜨아, 곡물라떼, <b>딸기라떼</b>, 딸기 요거트 스무디 겹치는거 없이 각자 취향대로 집에서 챙긴 토스트랑 같이 늦은 아침으로 주유하면서 보니... ",취향의 기록,blog.naver.com/rrnrrrnr,20260214
0119~0125. 일상,https://blog.naver.com/dbs3773/224177088972,달달한 라떼였는데 맛있었따!!! ㅋㅋㅋㅋㅋ 헤헤 세미 히피 펌으로 시술중 #율하가희로운 냉수벌컥벌컥... ㅋㅋㅋㅋ 김치찌개전문점 달걀말이 실하다 실해 밥먹고 스벅가서 올해 첫 <b>딸기라떼</b>를 먹고 빠빵... ,Dong Dong,blog.naver.com/dbs3773,20260214
스타벅스 Sweet Hour 리유저블 컵 이벤트,https://blog.naver.com/eh_life/224183504402,"티 라떼, 바닐라 크림 콜드브루, 자몽 허니 블랙 티, <b>딸기라떼</b> 리유저블 컵 색상은 핑크 , 브라운 2종류입니다. 리유저블 컵에 음료를 담으면 베이비 마일로 패턴이 나타납니다  연인, 친구, 가족과 함께 커플... ",❤️데이지의 다이어리❤️,blog.naver.com/eh_life,20260214
천안 신상카페 광덕 온마이포레스트,https://blog.naver.com/masong89/224183502573,옥수수라떼 무조건 시키세요 너무 맛있...쒀여 옥수수의 고소함이 느껴지면서 치고 올라오는 은근한 달달함이 너무 기분좋았던!! 그리고 시즌주스로 딸기주스 or <b>딸기라떼</b> 둘 중 선택 가능했는데 딸기주스를... ,디어메르시:),blog.naver.com/masong89,20260214
성수카페투어 3층 주택개조 미디엄스톤 성수 뚝섬역점,https://blog.naver.com/homang2022/224183499143,[커피] ▫️에스프레소 ▫️콘파냐 ▫️아메리카노 ▫️카페라떼 ▫️플랫화이트 ▫️바닐라라떼 ▫️솔티카라멜라떼 [음료] ▫️에이드(레몬/ 자몽/ 딸기) ▫️<b>딸기라떼</b> ▫️티 (얼그레이/ 카모마일... ,호망하우스,blog.naver.com/homang2022,20260214
2026 스타벅스 설날 이벤트! 세뱃돈 봉투 실물 &amp; 온 가족 추천... ,https://blog.naver.com/frostbitestatue/224183498227,(NEW) 에스프레소 크림 프렌치 바닐라 라떼: 달콤하고 부드러운 풍미가 기대되네요! 더블 에스프레소... 스타벅스 <b>딸기 라떼</b> 딸기 딜라이트 요거트 블렌디드  달콤한 케이크 &amp; 든든한 샌드위치 붉은말 당근밭... ,되돌아 가는중,blog.naver.com/frostbitestatue,20260214
청주 구움과자맛집 79베이크 | 청주카페 79bake,https://blog.naver.com/ji_hyesss/224183497981,청주카페 #산남동맛집 #산남동카페 #산남동디저트 #산남동구움과자 #산남동디저트카페 #비스코티 #휘낭시에맛집 #청주휘낭시에 #아이스크림라떼 #아포가토 #<b>딸기라떼</b> #딸기에이드 #청포도에이드,Be happy now✨,blog.naver.com/ji_hyesss,20260214
논산 카페  ㅣ  봉봉,https://blog.naver.com/yummy_yummy_yam/224183497362,"리얼생<b>딸기라떼</b>, 리얼생블루베리라떼인데요, 아니,, 이렇게 생딸기가 가득가득 들어있다못해 꾹꾹 넣어놓은 생딸기들 보세요!!!! 이게 말이 되는 음료인가? 싶을정도인데요.. 우와... 이렇게 딸기가 가아아아아득... ",yummy_yummy_yam님의 블로그,blog.naver.com/yummy_yummy_yam,20260214
해남군 문내면 트윈브릿지 카페/전통찻집 - 달콤한여행,https://sweetit.co.kr/11068331,"대표메뉴는 바닐라빈라떼이고 그 외 돌체라떼, <b>딸기라떼</b>, 애플 오렌지 아이스 티, 오션레몬에이드, 애플망고에이드 등도 있다. 디저트 카페로 불릴 만큼 케이크, 빵 등 디저트류가 다양하게 준비되어... ",so sweet,https://sweetit.co.kr/,20260214
고양 성사동 배다골베이커리포레 도심 속 숲속 산장 힐링... ,https://blog.naver.com/ymjbb77/224183494205,딸기 철에는 <b>딸기 라떼</b>를 자주 주문하는 편인데 이렇게 생딸기를 많이 올려주는 생딸기 와르르 라떼는 여기가 처음인 거 같아요. 그래서 가격이 납득이 되는데 거기에 카톡 친구 추가로 할인까지 받을 수... ,Green Life's blog,blog.naver.com/ymjbb77,20260214
울산 <b>딸기</b>체험 아이랑 가기 좋은 체험농장 해뜨는<b>딸기</b>,https://blog.naver.com/rozy12/224183492235,꽤나 투썸스러워요 사장님께서 강추 하셨던 아침에 갓 딴 딸기로 만든 <b>딸기라떼</b> 엄청 달고 마싯었는데... 또 먹고싶당 한시도 가만히 안있는 우리 세으니 이쁘게 찍기 어렵다 어려워 ♀️ 곳곳이 포토존이라... ,복덩이로그 : 소소한 일상 기록,blog.naver.com/rozy12,20260214
&lt; 북트리 &gt; 2026.2.13 (금)  독서기록,https://blog.naver.com/gring-factory/224183491142,2.13 (금) 한글 : 1권 / 영어 : 1권 #책육아 #9세그림책 꼬미의 이모와 이모할머니와의 만남 나의 동생과 이모의 만남 우리 셋은 신나게 떠들고 <b>딸기라떼</b> 사줬더니 마시면서 한참 책을 봤다. 매일 2권씩 읽더니... ,프롬니나 : 반짝반짝 빛나는 하루,blog.naver.com/gring-factory,20260214
"[용산] 브로트아트 빵 종류 많음 , 음료는 SOSO , 자리 잡기는... ",https://blog.naver.com/lylylypong/224180614770,"일단 <b>딸기라떼</b> 너무 달아요 이 거짓된 딸기 맛 ... 제가 원하는 <b>딸기 라떼</b> 맛은 아니었습니다 라떼는 맛있었어요 !!!! 그리고 컵케이크는 빵은 엄청 적게 들어있고 생크림 , 초코가루 , 딸기 이렇게 가득 가득... ",솔이 일기장,blog.naver.com/lylylypong,20260214
"샌드위치맛집 추천 텀하프트, 애플샌드위치, 텀하프트 <b>라떼</b> 후기",https://blog.naver.com/marine811106/224182737210,"음료 종류 COFFEE 아메리카노, 카페라떼,수제 바닐라빈라떼 SIGNATURE 텀하프트 라떼, 코코 말차, 더블 말차 NON COFFEE <b>딸기라떼</b>, 자몽에이드, 레몬보스에이드, 귤모마일 에이드 TEA 자몽차, 레몬보스차, 귤모마일차... ",킴블리의 평범한 하루,blog.naver.com/marine811106,20260214
