title,link,image,lprice,hprice,mallName,productId,productType,brand,maker,category1,category2,category3,category4
[1+1] 딸기청 수제청 600g <b>딸기라떼</b> 대용량 카페 유기농설탕,https://smartstore.naver.com/main/products/5394896399,https://shopping-phinf.pstatic.net/main_8293938/82939389925.4.jpg,23900,,잼있는농부생활,82939389925,2,,,식품,음료,차류,기타차
아우름 국산 딸기청(냉동) 2kg <b>딸기라떼</b> 카페 대용량,https://smartstore.naver.com/main/products/6373269579,https://shopping-phinf.pstatic.net/main_8391776/83917769912.12.jpg,13000,,티 포인트,83917769912,2,,우양,식품,음료,차류,기타차
동화속 <b>딸기</b> 청 국산 자일로스 수제 카페 <b>라떼</b> 납품 요거트 우유 대용량 500g,https://smartstore.naver.com/main/products/11877151422,https://shopping-phinf.pstatic.net/main_8942166/89421662024.3.jpg,9900,,동화 속 딸기,89421662024,2,,,식품,음료,차류,기타차
[마법의<b>딸기</b> 프로즌] 카페 냉동 수제 <b>딸기</b>청 과일 <b>라떼</b> 5kg(1kg x 5팩),https://smartstore.naver.com/main/products/6826086150,https://shopping-phinf.pstatic.net/main_8437058/84370586472.9.jpg,71800,,마법의딸기,84370586472,2,마법의딸기,,식품,음료,차류,기타차
[<b>딸기</b>청] 반반 <b>딸기</b>가득 카페 수제청 과일청 <b>라떼</b>우유 답례품 차 선물세트 납품 500g,https://smartstore.naver.com/main/products/2450575296,https://shopping-phinf.pstatic.net/main_1334045/13340450127.18.jpg,18000,,초코써니 수제청 수제과일청,13340450127,2,초코써니,,식품,음료,차류,기타차
[마법의<b>딸기</b>] 카페 냉장 수제 <b>딸기</b>청 과일 <b>라떼</b> 만들기 5kg,https://smartstore.naver.com/main/products/4337134794,https://shopping-phinf.pstatic.net/main_8188165/81881656822.13.jpg,71800,,마법의딸기,81881656822,2,마법의딸기,,식품,음료,차류,기타차
마법의<b>딸기</b> 프로즌 수제청 <b>딸기</b> 베이스 1kg 1팩 <b>라떼</b> 퓨레 과일청 스무디 에이드 카페재료,https://smartstore.naver.com/main/products/8820972826,https://shopping-phinf.pstatic.net/main_8636547/86365473149.jpg,17800,,커피창고,86365473149,2,마법의딸기,,식품,음료,차류,기타차
스노베리 국내산 <b>딸기</b>청 카페 <b>딸기</b> 과일 <b>라떼</b> 에이드 10kg(1kgx10팩),https://smartstore.naver.com/main/products/9364073359,https://shopping-phinf.pstatic.net/main_8690857/86908573682.jpg,72600,,스노푸룻,86908573682,2,스노푸룻,도들샘,식품,음료,차류,기타차
스노베리 국내산 <b>딸기</b>청 카페 <b>딸기</b> 과일 <b>라떼</b> 에이드 1kg+1kg,https://smartstore.naver.com/main/products/9183658136,https://shopping-phinf.pstatic.net/main_8672815/86728158459.5.jpg,23900,,스노푸룻,86728158459,2,스노푸룻,도들샘,식품,음료,차류,기타차
프레시히어로 딸기청 수제청 과일청 1kg 4개 냉동 <b>딸기라떼</b> 딸기주물럭,https://smartstore.naver.com/main/products/6013504125,https://shopping-phinf.pstatic.net/main_8355800/83558003613.1.jpg,53700,,fudi,83558003613,2,,,식품,음료,차류,기타차
수제청 과일청 <b>딸기</b>청 에이드 <b>라떼</b> 음료 답례품 선물 세트 600g,https://smartstore.naver.com/main/products/5937743820,https://shopping-phinf.pstatic.net/main_8348224/83482243308.13.jpg,12800,,농진담,83482243308,2,농진담,농진담,식품,음료,차류,기타차
"포유 딸기청 카페 국산 <b>딸기라떼</b> 대용량 1kg, 1개",https://smartstore.naver.com/main/products/9084740905,https://shopping-phinf.pstatic.net/main_8662924/86629241228.1.jpg,11400,,포유 by natural,86629241228,2,4YOU,,식품,음료,차류,기타차
[마법의<b>딸기</b>] 홈파티 수제 <b>딸기</b>청 선물 세트 수제청 답례품 과일청 <b>라떼</b> 만들기 580g,https://smartstore.naver.com/main/products/3953651822,https://shopping-phinf.pstatic.net/main_8149817/81498171956.27.jpg,38500,,마법의딸기,81498171956,2,마법의딸기,,식품,음료,차류,기타차
규린이네 딸기청 수제청 과일청 선물세트 국산 생<b>딸기 라떼</b> 카페 납품 500g,https://smartstore.naver.com/main/products/4826989271,https://shopping-phinf.pstatic.net/main_8237151/82371512123.4.jpg,16900,,규린이네수제과일청,82371512123,2,,,식품,음료,차류,기타차
청키 대용량 수제청 <b>딸기</b>청 <b>라떼</b> 과일청 2kg,https://smartstore.naver.com/main/products/4967018887,https://shopping-phinf.pstatic.net/main_8251153/82511539209.8.jpg,27000,,청키,82511539209,2,청키,,식품,음료,차류,기타차
당일제조 딸기청 2.5kg 국내산 <b>딸기라떼</b> 대용량 카페용 과일청 수제청,https://smartstore.naver.com/main/products/6019408902,https://shopping-phinf.pstatic.net/main_8356390/83563908390.5.jpg,29400,,남쪽나라딸기왕국 x 요르묭,83563908390,2,남쪽나라딸기왕국,남쪽나라딸기왕국,식품,음료,차류,기타차
담아요 수제 달콤한 딸기청 2kg 카페용 수제청 대용량 <b>딸기라떼</b> 만들기,https://smartstore.naver.com/main/products/9950361160,https://shopping-phinf.pstatic.net/main_8749486/87494863433.2.jpg,28900,,담아요,87494863433,2,담아요,담아요,식품,음료,차류,기타차
"포유 딸기청 카페 국산 <b>딸기라떼</b> 대용량 5kg, 5개",https://smartstore.naver.com/main/products/9352758964,https://shopping-phinf.pstatic.net/main_8689725/86897259287.1.jpg,52000,,포유 by natural,86897259287,2,4YOU,,식품,음료,차류,기타차
[수제청담] 딸기청 500g(스파우트용기) / 과일청 <b>딸기라떼</b> 카페납품 선물세트 답례품,https://smartstore.naver.com/main/products/5736932553,https://shopping-phinf.pstatic.net/main_8328143/83281431305.5.jpg,10000,,수제청담,83281431305,2,,,식품,음료,차류,기타차
프룻스타 딸기청 1kg <b>딸기라떼</b> 딸기음료,https://smartstore.naver.com/main/products/10185907626,https://shopping-phinf.pstatic.net/main_8773041/87730411037.jpg,11900,,딜라잇가든,87730411037,2,,,식품,음료,차류,기타차
루비랑 국산 딸기청 10kg 수제 냉동 카페 <b>딸기라떼</b> 과일청,https://smartstore.naver.com/main/products/10785762068,https://shopping-phinf.pstatic.net/main_8833026/88330268058.jpg,69000,,루비랑.,88330268058,2,,,식품,음료,차류,기타차
국내산 순 우리딸기청 대용량 <b>딸기라떼</b> 1.2kg  1개입  1개,https://link.coupang.com/re/PCSNAVERPCSDP?pageKey=7440983083&ctag=7440983083&lptag=I19349016580&itemId=19349016580&vendorItemId=86462337734&spec=10305199,https://shopping-phinf.pstatic.net/main_4409424/44094249888.3.jpg,16970,,쿠팡,44094249888,2,UNKNOWN,UNKNOWN,식품,음료,차류,기타차
스노베리 국내산 <b>딸기</b>청 카페 <b>딸기</b> 과일 <b>라떼</b> 에이드 1kg,https://smartstore.naver.com/main/products/9685753045,https://shopping-phinf.pstatic.net/main_8723025/87230255315.2.jpg,12900,,스노푸룻,87230255315,2,스노푸룻,도들샘,식품,음료,차류,기타차
바른딸기청 생딸기 수제과일청 550g 1kg 생<b>딸기라떼</b> 으뜸농장,https://smartstore.naver.com/main/products/4806263386,https://shopping-phinf.pstatic.net/main_8235078/82350786051.jpg,16900,,포시즌테이블,82350786051,2,,포시즌테이블,식품,음료,차류,기타차
딸기청 과일 수제청 <b>딸기라떼</b> 500g 자연설탕,https://smartstore.naver.com/main/products/10512842549,https://shopping-phinf.pstatic.net/main_8805734/88057347909.jpg,12000,,어울림수제청,88057347909,2,,,식품,음료,차류,기타차
[<b>딸기</b>가득 <b>딸기</b>청] 수제청 대용량 과일청500g 홈카페 우유<b>라떼</b>요거트 답례품 차 선물세트,https://smartstore.naver.com/main/products/4966964082,https://shopping-phinf.pstatic.net/main_8251148/82511484404.2.jpg,22000,,초코써니 수제청 수제과일청,82511484404,2,초코써니,,식품,음료,차류,기타차
당일제조 딸기청 1.1kg 국내산 <b>딸기라떼</b> 대용량 카페용 과일청 수제청,https://smartstore.naver.com/main/products/5230154629,https://shopping-phinf.pstatic.net/main_8277467/82774676872.7.jpg,14900,,남쪽나라딸기왕국 x 요르묭,82774676872,2,남쪽나라딸기왕국,남쪽나라딸기왕국,식품,음료,차류,기타차
당일제조 딸기청 5kg 국내산 <b>딸기라떼</b> 대용량 카페용 과일청 수제청,https://smartstore.naver.com/main/products/5733292484,https://shopping-phinf.pstatic.net/main_8327779/83277791156.5.jpg,50500,,남쪽나라딸기왕국 x 요르묭,83277791156,2,남쪽나라딸기왕국,,식품,음료,차류,기타차
스노베리 국내산 <b>딸기</b>청 카페 <b>딸기</b> 과일 <b>라떼</b> 에이드 5kg(1kgx5팩),https://smartstore.naver.com/main/products/9685760044,https://shopping-phinf.pstatic.net/main_8723026/87230262314.2.jpg,44000,,스노푸룻,87230262314,2,스노푸룻,도들샘,식품,음료,차류,기타차
복음자리 진심의 딸기 딸기청 <b>딸기라떼</b> 1kg X 6개 (아이스박스 무료),https://smartstore.naver.com/main/products/5956037663,https://shopping-phinf.pstatic.net/main_8350053/83500537151.1.jpg,69600,,커피다나와,83500537151,2,,,식품,음료,차류,기타차
딸기충전소 수제 딸기청 2kg <b>딸기 라떼</b> 과일청 스무디 카페 대용량,https://smartstore.naver.com/main/products/11323098714,https://shopping-phinf.pstatic.net/main_8886760/88867609045.2.jpg,15800,,딸기충전소,88867609045,2,,,식품,음료,차류,기타차
[비단수제청] 맛있는 <b>딸기라떼</b>를 위한 수제 딸기청,https://smartstore.naver.com/main/products/4479800388,https://shopping-phinf.pstatic.net/main_8202432/82024323292.jpg,17000,,비단수제청,82024323292,2,,,식품,음료,차류,기타차
아우름 딸기청 4kg(2kg x 2개) 국산 냉동 <b>딸기 라떼</b> 대용량 과일청 카페,https://smartstore.naver.com/main/products/9852014734,https://shopping-phinf.pstatic.net/main_8739651/87396517007.jpg,26000,,티 포인트,87396517007,2,,우양,식품,음료,차류,기타차
자연에서 온 딸기 1kg 딸기청 (국내산 딸기 83%) 수제청 과일청 <b>딸기라떼</b> 딸기스무디 딸기에이드 홈카페,https://smartstore.naver.com/main/products/11867798065,https://shopping-phinf.pstatic.net/main_8941230/89412308659.jpg,11900,,아침빛바다,89412308659,2,,,식품,음료,차류,기타차
달콤한 딸기청 대용량 카페용 <b>딸기라떼</b> 음료 베이스,https://smartstore.naver.com/main/products/11659209645,https://shopping-phinf.pstatic.net/main_8920372/89203720112.jpg,11900,,진짜수제청,89203720112,2,,,식품,음료,차류,기타차
[냉동] 서울팩토리 설향을 가득 담은 딸기청 1kg <b>딸기라떼</b>,https://smartstore.naver.com/main/products/11978008890,https://shopping-phinf.pstatic.net/main_8952251/89522519578.2.jpg,15000,,서울팩토리 공식스토어,89522519578,2,,,식품,음료,차류,기타차
"포유 딸기청 카페 국산 <b>딸기라떼</b> 대용량 10kg, 10개",https://smartstore.naver.com/main/products/9352759186,https://shopping-phinf.pstatic.net/main_8689725/86897259509.1.jpg,99000,,포유 by natural,86897259509,2,4YOU,,식품,음료,차류,기타차
수제청 과일청 <b>딸기</b>청 에이드 <b>라떼</b> 음료 그릭요거트 답례품 대용량 카페 납품 1kg,https://smartstore.naver.com/main/products/6195978731,https://shopping-phinf.pstatic.net/main_8374047/83740478308.8.jpg,14730,,농진담,83740478308,2,농진담,농진담,식품,음료,차류,기타차
딸기청 수제청 병 600g 과일청 카페 <b>딸기라떼</b>,https://smartstore.naver.com/main/products/10892998518,https://shopping-phinf.pstatic.net/main_8843750/88437504536.1.jpg,10900,,또또언니수제청,88437504536,2,,또또언니수제청,식품,음료,차류,기타차
[생딸기우유 300ml] <b>딸기라떼</b> 딸기밀크티 베리후르츠우유 단체주문 서포트간식 홈카페 답례품 하오청,https://smartstore.naver.com/main/products/4653413539,https://shopping-phinf.pstatic.net/main_8219793/82197934014.13.jpg,6000,,하오청,82197934014,2,,,식품,음료,차류,기타차
[프레시히어로] 상큼카페딸기 1kg 딸기청 과일청 <b>딸기라떼</b> 에이드 수제청 (냉동),https://smartstore.naver.com/main/products/5563084188,https://shopping-phinf.pstatic.net/main_8310758/83107580097.1.jpg,17000,,fudi,83107580097,2,,,식품,음료,차류,기타차
프레시히어로 딸기청 수제청 과일청 1kg 2개 <b>딸기라떼</b> 냉동,https://smartstore.naver.com/main/products/6013482386,https://shopping-phinf.pstatic.net/main_8355798/83557981874.1.jpg,28300,,fudi,83557981874,2,,,식품,음료,차류,기타차
사월의 딸기청 <b>딸기라떼</b> 2kg (1kg x 2팩) 국산 카페 수제청 냉동 과일청,https://smartstore.naver.com/main/products/6261906139,https://shopping-phinf.pstatic.net/main_8380640/83806408628.2.jpg,24700,,제이투케이,83806408628,2,,,식품,음료,차류,기타차
딸기충전소 수제 딸기청 1kg <b>딸기 라떼</b> 과일청 스무디 카페 대용량,https://smartstore.naver.com/main/products/10829600797,https://shopping-phinf.pstatic.net/main_8837410/88374106810.1.jpg,8900,,딸기충전소,88374106810,2,,,식품,음료,차류,기타차
복음자리 진심의 딸기 딸기청 <b>딸기라떼</b> 1kg X 3개 (아이스박스 무료),https://smartstore.naver.com/main/products/5956427161,https://shopping-phinf.pstatic.net/main_8350092/83500926649.1.jpg,38400,,커피다나와,83500926649,2,,,식품,음료,차류,기타차
사월의 딸기청 <b>딸기라떼</b> 6kg (1kg x 6팩) 국산 카페 수제청 냉동 과일청,https://smartstore.naver.com/main/products/8137894100,https://shopping-phinf.pstatic.net/main_8568239/85682394422.jpg,73900,,제이투케이,85682394422,2,,,식품,음료,차류,기타차
당일제조 딸기청 600g 국내산 <b>딸기라떼</b> 대용량 카페용 과일청 수제청,https://smartstore.naver.com/main/products/5230144650,https://shopping-phinf.pstatic.net/main_8277466/82774666893.3.jpg,9900,,남쪽나라딸기왕국 x 요르묭,82774666893,2,남쪽나라딸기왕국,,식품,음료,차류,기타차
프룻스타 딸기청 1kg x 3팩 <b>딸기라떼</b> 딸기음료,https://smartstore.naver.com/main/products/10185915054,https://shopping-phinf.pstatic.net/main_8773041/87730418465.jpg,32900,,딜라잇가든,87730418465,2,,,식품,음료,차류,기타차
당일제조 딸기청 <b>딸기라떼</b> 딸기왕국 국산딸기 수제청 과일청 300mL 샘플,https://smartstore.naver.com/main/products/10232506033,https://shopping-phinf.pstatic.net/main_8777700/87777009600.jpg,10,,남쪽나라딸기왕국 x 요르묭,87777009600,2,남쪽나라딸기왕국,남쪽나라딸기왕국,식품,음료,차류,기타차
마법의딸기 프리미엄 카페 수제딸기청 2.5kg <b>딸기라떼</b> 만들기 딸기베이스,https://smartstore.naver.com/main/products/6444343188,https://shopping-phinf.pstatic.net/main_8398884/83988843521.4.jpg,37800,,커피마켓어스,83988843521,2,,,식품,음료,차류,기타차
딸기청 2kg 카페 <b>딸기라떼</b> 수제대용량 카페인없는차 수제,https://smartstore.naver.com/main/products/9089312604,https://shopping-phinf.pstatic.net/main_8663381/86633812927.jpg,16800,,13월의농장,86633812927,2,,,식품,음료,차류,기타차
청키 딸기청 수제 <b>딸기 라떼</b> 에이드 수제청 과일청,https://smartstore.naver.com/main/products/4221367544,https://shopping-phinf.pstatic.net/main_8176588/81765889021.3.jpg,15000,,청키,81765889021,2,청키,,식품,음료,차류,기타차
딸기청 <b>딸기라떼</b> 수제 과일청 선물세트 500g,https://smartstore.naver.com/main/products/6174865193,https://shopping-phinf.pstatic.net/main_8371936/83719364770.1.jpg,14900,,로이수제청,83719364770,2,로이수제청,로이수제청,식품,음료,차류,기타차
포유공정무역 카페 수제청 딸기청 과일청 냉동 <b>딸기라떼</b> 1kg+1kg,https://smartstore.naver.com/main/products/6950970130,https://shopping-phinf.pstatic.net/main_8449547/84495470452.1.jpg,33900,,장보자고,84495470452,2,,,식품,음료,차류,기타차
딸기청 <b>딸기라떼</b>청 파우치 1kg 수제청 수야네수제과일청,https://smartstore.naver.com/main/products/11247301830,https://shopping-phinf.pstatic.net/main_8879181/88791812161.jpg,16160,,수야네수제과일청,88791812161,2,,,식품,음료,차류,기타차
딸기 함량 80% 집에서 즐기는 나만의 홈 카페 딸기청 1kg - <b>딸기라떼</b> 딸기에이드,https://www.dolfarmer.com/Goods/Detail/SSM45901837,https://shopping-phinf.pstatic.net/main_4192552/41925523552.3.jpg,19900,,돌쇠네농산물,41925523552,2,,,식품,음료,차류,기타차
메리딸기 딸기청 <b>딸기라떼</b> 홈카페 카페납품 딸기우유 딸기에이드 1kg,https://smartstore.naver.com/main/products/5777192796,https://shopping-phinf.pstatic.net/main_8332169/83321692210.2.jpg,25000,,메리엠제이 수제청 수제식혜,83321692210,2,,,식품,음료,차류,기타차
국내산 순 우리딸기청 대용량 <b>딸기라떼</b> 1.2kg  1개입  2개,https://link.coupang.com/re/PCSNAVERPCSDP?pageKey=7440983083&ctag=7440983083&lptag=I27231438184&itemId=27231438184&vendorItemId=86295085039&spec=10305199,https://shopping-phinf.pstatic.net/main_5801158/58011588411.jpg,26830,,쿠팡,58011588411,2,,UNKNOWN,식품,음료,차류,기타차
사월의 딸기청 <b>딸기라떼</b> 3kg (1kg x 3팩) 국산 카페 수제청 냉동 과일청,https://smartstore.naver.com/main/products/6576831638,https://shopping-phinf.pstatic.net/main_8412133/84121331971.2.jpg,37000,,제이투케이,84121331971,2,,,식품,음료,차류,기타차
복음자리 진심의 딸기 딸기청 <b>딸기라떼</b> 1kg X 2개 (아이스박스 무료),https://smartstore.naver.com/main/products/5956424996,https://shopping-phinf.pstatic.net/main_8350092/83500924484.1.jpg,25800,,커피다나와,83500924484,2,,,식품,음료,차류,기타차
이제부터 이제부터 딸기 홈카페 1kg 국내산 딸기청 카페 <b>딸기라떼</b> 수제청,https://link.auction.co.kr/gate/pcs?item-no=F243095811&sub-id=1&service-code=10000003,https://shopping-phinf.pstatic.net/main_5849371/58493719033.jpg,9560,,옥션,58493719033,2,이제부터,태후자연식품,식품,음료,차류,기타차
프레슬리쿡 카페 <b>딸기 라떼</b> 스무디 딸기청 수제 과일청 1kg x 2팩,https://link.auction.co.kr/gate/pcs?item-no=C518227974&sub-id=1&service-code=10000003,https://shopping-phinf.pstatic.net/main_5791068/57910689083.1.jpg,26600,,옥션,57910689083,2,,,식품,음료,차류,기타차
논산딸기 듬뿍 딸기청 82% <b>딸기라떼</b> 과일청 1kg,https://smartstore.naver.com/main/products/8524730835,https://shopping-phinf.pstatic.net/main_8606923/86069231158.jpg,17900,,맛꾼푸드,86069231158,2,,,식품,음료,차류,기타차
복음자리 진심의 딸기 딸기청 <b>딸기라떼</b> 1kg (아이스박스 무료),https://smartstore.naver.com/main/products/10118907047,https://shopping-phinf.pstatic.net/main_8766340/87663409868.1.jpg,13600,,커피다나와,87663409868,2,,,식품,음료,차류,기타차
포유 딸기청 카페 과일청 <b>딸기라떼</b> 대용량 벌크 10kg(1kgx10),https://smartstore.naver.com/main/products/10861890477,https://shopping-phinf.pstatic.net/main_8840639/88406396490.jpg,99000,,삼열이네,88406396490,2,4YOU,,식품,음료,차류,기타차
웰루츠 국내산 냉동 딸기청 1kg 수제 카페 <b>딸기라떼</b> 과일청,https://smartstore.naver.com/main/products/10843877717,https://shopping-phinf.pstatic.net/main_8838838/88388383730.jpg,7500,,웰루츠,88388383730,2,,,식품,음료,차류,기타차
<b>딸기라떼</b> 딸기청 카페 수제 생딸기 냉동딸기 딸기청,https://smartstore.naver.com/main/products/9807875297,https://shopping-phinf.pstatic.net/main_8735237/87352377570.7.jpg,14900,,오늘의 낭만,87352377570,2,,,식품,음료,차류,기타차
진짜 딸기청 수제 과일청 <b>딸기 라떼</b> 만들기 카페 대용량  2.5kg  1개,https://link.coupang.com/re/PCSNAVERPCSDP?pageKey=9235248484&ctag=9235248484&lptag=I27303876263&itemId=27303876263&vendorItemId=89217853488&spec=10305199,https://shopping-phinf.pstatic.net/main_5812151/58121517046.jpg,24900,,쿠팡,58121517046,2,,,식품,음료,차류,기타차
루비랑 국산 딸기청 5kg 수제 냉동 카페 <b>딸기라떼</b> 과일청,https://smartstore.naver.com/main/products/10785745205,https://shopping-phinf.pstatic.net/main_8833025/88330251195.jpg,39500,,루비랑.,88330251195,2,,,식품,음료,차류,기타차
복음자리 과일듬뿍 딸기청 580g <b>딸기라떼</b>,https://smartstore.naver.com/main/products/6956186719,https://shopping-phinf.pstatic.net/main_8450068/84500687041.6.jpg,13900,,복음자리 본사 쇼핑몰,84500687041,3,복음자리,대상다이브스,식품,음료,차류,기타차
딸기청 사월의딸기 1kg x 2팩 <b>딸기라떼</b> 딸기스무디,https://smartstore.naver.com/main/products/6236187516,https://shopping-phinf.pstatic.net/main_8378069/83780690005.1.jpg,24700,,Now Good,83780690005,2,,,식품,음료,차류,기타차
빌리푸드 카페 <b>딸기 라떼</b> 에이드 딸기청 2.5kg,https://smartstore.naver.com/main/products/9998131762,https://shopping-phinf.pstatic.net/main_8754263/87542634035.2.jpg,29800,,쇼핑큐브온,87542634035,2,,,식품,음료,차류,기타차
마법의딸기 딸기청 선물세트 <b>딸기라떼</b> 수제청 기프트  마법의딸기 베이직  580g  1개,https://link.coupang.com/re/PCSNAVERPCSDP?pageKey=8182466181&ctag=8182466181&lptag=I3497962249&itemId=3497962249&vendorItemId=71473999431&spec=10305199,https://shopping-phinf.pstatic.net/main_5564900/55649003025.jpg,22500,,쿠팡,55649003025,2,마법의딸기,,식품,음료,차류,기타차
딸기충전소 수제 딸기청 5kg <b>딸기 라떼</b> 과일청 스무디 카페 대용량,https://smartstore.naver.com/main/products/10962458599,https://shopping-phinf.pstatic.net/main_8850696/88506964642.2.jpg,41000,,딸기충전소,88506964642,2,,,식품,음료,차류,기타차
수제 딸기청 유기농 설탕 카페 대용량 <b>딸기라떼</b> 국내산 딸기100% 600g,https://link.gmarket.co.kr/gate/pcs?item-no=2347840883&sub-id=1003&service-code=10000003&lcd=100000094,https://shopping-phinf.pstatic.net/main_5500392/55003920353.3.jpg,12650,,G마켓,55003920353,2,,,식품,음료,차류,기타차
이제부터 맛있게 국내산 카페 딸기청 82% <b>딸기라떼</b> 과일청 수제청 1kg  1개입  1개,https://link.coupang.com/re/PCSNAVERPCSDP?pageKey=7366264463&ctag=7366264463&lptag=P7366264463&itemId=18990222424&vendorItemId=86115447344&spec=10305199,https://shopping-phinf.pstatic.net/main_4029504/40295048485.1.jpg,14600,,쿠팡,40295048485,2,이제부터,,식품,음료,차류,기타차
엔게티 선물세트(레몬청 x 딸기라즈베리청)과일청 수제청 딸기청 답례품 선물 카페 <b>딸기라떼</b>,https://smartstore.naver.com/main/products/12111765916,https://shopping-phinf.pstatic.net/main_8965627/89656276621.1.jpg,28900,,수제 과일청 엔게티,89656276621,2,엔게티,엔게티,식품,음료,차류,기타차
(1+1)딸기청 600g <b>딸기라떼</b> 딸기에이드 수제청 과일청,https://smartstore.naver.com/main/products/4842102120,https://shopping-phinf.pstatic.net/main_8238662/82386625266.jpg,25000,,힐링에이드,82386625266,2,힐링에이드,힐링에이드,식품,음료,차류,기타차
<b>딸기</b>청 병 550g 수제청 과일청 <b>라떼</b> 카페 납품 선물세트,https://smartstore.naver.com/main/products/10663053348,https://shopping-phinf.pstatic.net/main_8820755/88207559262.3.jpg,10400,,슈퍼마마,88207559262,2,슈퍼마마,슈퍼마마,식품,음료,차류,기타차
대용량 수제청 <b>딸기</b>청 과일청 2kg (1kg+1kg) 카페납품 <b>라떼</b> 시럽 스무디 에이드,https://smartstore.naver.com/main/products/10154179661,https://shopping-phinf.pstatic.net/main_8769868/87698682923.5.jpg,21900,,진짜수제청,87698682923,2,,,식품,음료,차류,기타차
사월의<b>딸기</b> 1kg 국산 <b>딸기</b>청 <b>라떼</b> 카페 대용량 냉동,https://smartstore.naver.com/main/products/6236192019,https://shopping-phinf.pstatic.net/main_8378069/83780694508.3.jpg,15900,,제이투케이,83780694508,2,,,식품,음료,차류,기타차
1+1 카페 수제과일 생딸기 냉동딸기 <b>딸기라떼</b> 딸기청,https://smartstore.naver.com/main/products/9876378275,https://shopping-phinf.pstatic.net/main_8742088/87420880548.2.jpg,27800,,오늘의 낭만,87420880548,2,,,식품,음료,차류,기타차
오복딸기청 500g+60g 오복소점 수제딸기청 <b>딸기라떼</b> 산딸기,https://smartstore.naver.com/main/products/9319597844,https://shopping-phinf.pstatic.net/main_8686409/86864098167.6.jpg,15200,,오복소점,86864098167,2,,,식품,음료,차류,기타차
슈퍼마마 <b>딸기</b>청 파우치 1kg 시럽 <b>라떼</b> 카페 납품,https://smartstore.naver.com/main/products/5639634111,https://shopping-phinf.pstatic.net/main_8318413/83184131087.5.jpg,15900,,슈퍼마마,83184131087,2,슈퍼마마,슈퍼마마,식품,음료,차류,기타차
복음자리 진심의 딸기 1kg 딸기청 <b>딸기라떼</b> 국산딸기,https://smartstore.naver.com/main/products/8085171653,https://shopping-phinf.pstatic.net/main_8562967/85629671976.jpg,16900,,커피마켓어스,85629671976,2,복음자리,대상에프앤비,식품,음료,차류,기타차
진심의 <b>딸기라떼</b> 에이드 빙수 만들기 딸기청 1kg 복음자리,https://smartstore.naver.com/main/products/8819563248,https://shopping-phinf.pstatic.net/main_8636406/86364063571.jpg,16500,,YT 리테일,86364063571,2,,,식품,음료,차류,기타차
국산 딸기청 카페 사각 <b>딸기라떼</b>청 타먹는 국내산 파우치,https://smartstore.naver.com/main/products/12073916756,https://shopping-phinf.pstatic.net/main_8961842/89618427455.jpg,14290,,세이브마스터,89618427455,2,,,식품,음료,차류,기타차
프레슬리쿡 카페 <b>딸기 라떼</b> 스무디 딸기청 수제 과일청 1kg x 2팩,https://link.gmarket.co.kr/gate/pcs?item-no=2349957721&sub-id=1003&service-code=10000003&lcd=100000020,https://shopping-phinf.pstatic.net/main_5421698/54216989998.1.jpg,26600,,G마켓,54216989998,2,,,식품,음료,차류,기타차
복음자리 진심의 딸기청 1kg <b>딸기 라떼</b> 과일청 카페 수제청 만들기,https://smartstore.naver.com/main/products/6805735078,https://shopping-phinf.pstatic.net/main_8435023/84350235400.1.jpg,16200,,고삐,84350235400,2,복음자리,,식품,음료,차류,기타차
마법의<b>딸기</b> 프로즌 수제청 <b>딸기</b> 베이스 1kg x 5팩 <b>라떼</b> 스무디 에이드 카페재료,https://smartstore.naver.com/main/products/8906201752,https://shopping-phinf.pstatic.net/main_8645070/86450702075.jpg,69500,,커피창고,86450702075,2,마법의딸기,,식품,음료,차류,기타차
고농축 수제청 딸기청 <b>딸기라떼</b> 답례품 기업선물 연말 선물 수제과일청,https://smartstore.naver.com/main/products/5254428693,https://shopping-phinf.pstatic.net/main_8279895/82798951171.jpg,10500,,온맘담아,82798951171,2,,,식품,음료,차류,기타차
중앙 <b>딸기라떼</b> 900g 12개(1박스) 멜론 바나나 녹차라떼 국산차,https://smartstore.naver.com/main/products/419166638,https://shopping-phinf.pstatic.net/main_9925714/9925714879.4.jpg,52600,,브론스코리아,9925714879,2,,,식품,음료,차류,기타차
청키 딸기청 수제 과일청 리얼 <b>딸기라떼</b> 수제청 500ml(700g),https://www.11st.co.kr/connect/Gateway.tmall?method=Xsite&prdNo=2331685343&tid=1000000061,https://shopping-phinf.pstatic.net/main_5820256/58202564258.jpg,11600,,11번가,58202564258,2,청키,,식품,음료,차류,기타차
아빠랑 유기농 딸기청/<b>딸기라떼</b>/딸기에이드  1개  500g,https://link.coupang.com/re/PCSNAVERPCSDP?pageKey=8106968170&ctag=8106968170&lptag=I22949930229&itemId=22949930229&vendorItemId=89984110351&spec=10305199,https://shopping-phinf.pstatic.net/main_4884563/48845633841.11.jpg,12350,,쿠팡,48845633841,2,아빠랑,,식품,음료,차류,기타차
딸기청 사월의딸기 1kg x 3팩 <b>딸기라떼</b> 딸기스무디,https://smartstore.naver.com/main/products/6576817373,https://shopping-phinf.pstatic.net/main_8412131/84121317706.jpg,37000,,Now Good,84121317706,2,,,식품,음료,차류,기타차
<b>딸기</b>청 수제청 1kg 대용량 과일청 카페 <b>라떼</b>,https://smartstore.naver.com/main/products/10892700299,https://shopping-phinf.pstatic.net/main_8843720/88437206317.2.jpg,11900,,또또언니수제청,88437206317,2,,또또언니수제청,식품,음료,차류,기타차
(아이스박스포함) 복음자리 진심의<b>딸기</b> 1kg <b>딸기</b>청<b>라떼</b>,https://smartstore.naver.com/main/products/9879917362,https://shopping-phinf.pstatic.net/main_8742441/87424419635.1.jpg,16900,,뉴카페마켓,87424419635,2,,,식품,음료,차류,기타차
딸기청 600g 수제 <b>딸기라떼</b> 에이드 수제청 과일청,https://smartstore.naver.com/main/products/4842107339,https://shopping-phinf.pstatic.net/main_8238663/82386630485.jpg,27800,,힐링에이드,82386630485,2,힐링에이드,힐링에이드,식품,음료,차류,기타차
포유 딸기청 카페 국산 <b>딸기라떼</b> 대용량 1kg,https://smartstore.naver.com/main/products/10354159371,https://shopping-phinf.pstatic.net/main_8789866/87898663844.jpg,11400,,삼열이네,87898663844,2,4YOU,,식품,음료,차류,기타차
수제 딸기청 유기농 설탕 카페 대용량 <b>딸기라떼</b> 국내산 딸기로 만든 수제 딸기청 1100g,https://link.gmarket.co.kr/gate/pcs?item-no=2763330643&sub-id=1003&service-code=10000003&lcd=100000094,https://shopping-phinf.pstatic.net/main_5559445/55594454153.1.jpg,16290,,G마켓,55594454153,2,,,식품,음료,차류,기타차

